{
    "empStr": {
        "empId": 5000,
        "empName":"Samrat Da",
        "salary": 999999,
        "currency": "EUR",
        "mStatus": true
    },
    "empTable": [
        {
            "empId": 9001,
            "empName": "Mickey Mouse",
            "salary": 1000,
            "currency": "USD",
            "gender": "https://icons-for-free.com/iconfiles/png/512/business+costume+male+man+office+user+icon-1320196264882354682.png",
            "smoker": false,
            "rating": 3,
            "mStatus": "M"
        },
        {
            "empId": 9002,
            "empName": "Mini Mouse",
            "salary": 1001,
            "currency": "EUR",
            "gender": "https://icons-for-free.com/iconfiles/png/512/female+person+user+woman+young+icon-1320196266256009072.png",
            "smoker": false,
            "rating": 5,
            "mStatus": "M"
        },
        {
            "empId": 9003,
            "empName": "Donald Duck",
            "salary": 1002,
            "currency": "USD",
            "gender": "https://icons-for-free.com/iconfiles/png/512/female+person+user+woman+young+icon-1320196266256009072.png",
            "smoker": false,
            "rating": 5,
            "mStatus": "S"
        },
        {
            "empId": 9004,
            "empName": "Uncle Scrutz",
            "salary": 1003,
            "currency": "INR",
            "gender": "https://icons-for-free.com/iconfiles/png/512/business+costume+male+man+office+user+icon-1320196264882354682.png",
            "smoker": true,
            "rating": 3,
            "mStatus": "S"
        },
        {
            "empId": 9004,
            "empName": "Mogli",
            "salary": 1004,
            "currency": "EUR",
            "gender": "https://icons-for-free.com/iconfiles/png/512/female+person+user+woman+young+icon-1320196266256009072.png",
            "smoker": false,
            "rating": 4,
            "mStatus": "M"
        },
        {
            "empId": 9005,
            "empName": "Scooby Doo",
            "salary": 1005,
            "currency": "AED",
            "gender": "https://icons-for-free.com/iconfiles/png/512/business+costume+male+man+office+user+icon-1320196264882354682.png",
            "smoker": true,
            "rating": 5,
            "mStatus": "M"
        },
        {
            "empId": 9006,
            "empName": "Balu",
            "salary": 1006,
            "currency": "USD",
            "gender": "https://icons-for-free.com/iconfiles/png/512/business+costume+male+man+office+user+icon-1320196264882354682.png",
            "smoker": true,
            "rating": 2,
            "mStatus": "S"
        }


    ]
}