<?xml version="1.0" ?>
<data>
    <empStr>
        <empId>8000</empId>
        <empName>Jack Toson</empName>
        <salary>87000</salary>
        <currency>USD</currency>
        <smoker>true</smoker>
    </empStr>
    <empTab>
        <row>
            <empId>8000</empId>
            <empName>Tirian</empName>
            <salary>855555</salary>
            <currency>USD</currency>
        </row>
        <row>
            <empId>8001</empId>
            <empName>Ned Stark</empName>
            <salary>980000</salary>
            <currency>USD</currency>
        </row>
    </empTab>
</data>