<core:FragmentDefinition xmlns:core="sap.ui.core"
xmlns="sap.m" xmlns:f="sap.ui.layout.form">
<f:SimpleForm>
    <f:content>
        <Label text="Name"></Label>
        <Text text="{name}"></Text>
        <Label text="color"></Label>
        <Text text="{color}"></Text>
        <Label text="Health Benefit"></Label>
        <Text text="{healthBenefit}"></Text>
        <Label text="Price"></Label>
        <Text text="{price} {currency}"></Text>
    </f:content>
</f:SimpleForm>
</core:FragmentDefinition>