{
    "empStr": {
        "empId": 5000,
        "empName":"Samrat Da",
        "salary": 999999,
        "currency": "EUR"
    },
    "empTable": [
        {
            "empId": 1001,
            "empName": "Anubhav",
            "salary": 9090,
            "currency": "USD",
            "gender": "M",
            "smoker": false,
            "rating": 3,
            "mStatus": "M"
        },
        {
            "empId": 1002,
            "empName": "Ananya",
            "salary": 5000,
            "currency": "EUR",
            "gender": "F",
            "smoker": false,
            "rating": 5,
            "mStatus": "M"
        },
        {
            "empId": 1003,
            "empName": "Megha",
            "salary": 9000,
            "currency": "USD",
            "gender": "F",
            "smoker": false,
            "rating": 5,
            "mStatus": "S"
        },
        {
            "empId": 1004,
            "empName": "Rohan",
            "salary": 8989,
            "currency": "INR",
            "gender": "M",
            "smoker": true,
            "rating": 3,
            "mStatus": "S"
        },
        {
            "empId": 1005,
            "empName": "Shoumli",
            "salary": 8000,
            "currency": "EUR",
            "gender": "F",
            "smoker": false,
            "rating": 4,
            "mStatus": "M"
        },
        {
            "empId": 1006,
            "empName": "Bose Da",
            "salary": 7898,
            "currency": "AED",
            "gender": "M",
            "smoker": true,
            "rating": 5,
            "mStatus": "M"
        },
        {
            "empId": 1007,
            "empName": "Vivek",
            "salary": 7800,
            "currency": "USD",
            "gender": "M",
            "smoker": true,
            "rating": 2,
            "mStatus": "S"
        }


    ]
}